Amostra,k,Circ_median,Dm_median,lambda_median_median,lambda_var_median,FVC_mean,Delaunay_mean,Voronoi_mean,Voronoi_CV_mean,FVC_percent,Black_Median_Variance_Ratio,k_plot
A1,1.8783854260003512,0.66,3.793643678609149,21.820544062500005,664.3029086875856,0.2610571428571429,17.403124154324555,197.06227280824928,0.713573960497172,26.10571428571429,0.03284728062625715,1.8783854260003512
A2,2.808115240128843,0.709,3.025139014737757,20.707329609375,453.34509806645514,0.3268071428571429,18.930491024439785,224.01011705695097,0.6751293181434145,32.68071428571429,0.04567674757638947,2.808115240128843
A3,1.320074392579596,0.634,3.9405587697523794,22.265829843750005,709.0173279023072,0.2264798319327731,15.540912567919172,155.74097315020745,0.6910263424455161,22.64798319327731,0.03140378798586701,1.320074392579596
B1,1.554281139650191,0.6805000000000001,3.9485650496298805,20.0394009375,588.6723916322205,0.279934,15.274697042640723,152.25868477977002,0.6956824386940019,27.9934,0.03404168638168415,1.554281139650191
B2,1.1899595330960069,0.6875,3.8596009926417536,20.9299725,545.7556891125001,0.31283296703296704,17.141273586601038,187.08633346762235,0.7105945633004044,31.283296703296703,0.03835044309668309,1.1899595330960069
B3,1.6323500553406134,0.6615,4.487294060930745,20.0394009375,648.0308721650209,0.296046875,18.793956019247485,225.26591499946034,0.7307458928388012,29.604687499999997,0.030923528180918165,1.6323500553406134
C1,2.808115240128843,0.715,3.304472019377691,16.921630078125002,389.18281465173345,0.31557749999999996,14.497418666165467,147.4024976023708,0.7454270320677986,31.557749999999995,0.0434799005533366,2.808115240128843
C2,2.263998555015193,0.71,2.7522417429551633,16.031058515625002,322.14442192569584,0.37132476190476194,13.831797264451199,125.62123429048515,0.6822550308545114,37.1324761904762,0.04976357628605049,2.263998555015193
C3,3.359329099395709,0.747,2.8973714261978682,14.695201171875002,294.16378356787726,0.32229199999999997,11.473000503957767,91.13513791969113,0.6738602757318943,32.2292,0.04995584770374745,3.359329099395709
D1,2.240341307836236,0.675,4.380493646883157,15.585772734375004,325.987939032605,0.41975135135135133,18.314306061592443,208.2745158549443,0.7110516693333652,41.97513513513513,0.047810887668503985,2.240341307836236
D2,2.486376678496646,0.701,4.437731294852309,16.921630078125002,369.9177489799805,0.33838350515463916,14.876502967934636,141.33237875311377,0.6239859667712503,33.838350515463915,0.04574430430760645,2.486376678496646
D3,2.079472027020474,0.683,4.508331860364333,16.476344296875002,314.48468879077154,0.3978736842105263,17.725550499896656,195.4256011712288,0.6744397090375678,39.78736842105263,0.052391562718771365,2.079472027020474
E1,2.441427908856696,0.6935,5.27006670619399,15.585772734375004,287.5352596629182,0.44498,19.416587812056154,239.76234217267645,0.7883198760594098,44.498,0.05420473563014997,2.441427908856696
E2,2.557348420032508,0.662,4.550105276199453,17.812201640625002,423.11894596960155,0.38944,17.79483120691643,209.36200796982783,0.8326773818019677,38.944,0.04209738611398577,2.557348420032508
E3,1.6134242575975828,0.673,4.494335900279075,15.585772734375004,294.1531005370057,0.4374940740740741,18.977286696163667,230.11637655538817,0.8169904052253513,43.74940740740741,0.05298524035926063,1.6134242575975828
