Amostra,KNN,λmédio,λmediano,λcontagem,λsoma,λvariância,Distância Delaunay,Área de Voronoi (média),CV Área de Voronoi (imagem),Número de carbonetos,Fração volumétrica de carbonetos,Área,Perímetro,Largura (Width),Altura (Height),Eixo maior (Major),Eixo menor (Minor),Ângulo,Circularidade,Diâmetro de Feret,Ângulo de Feret,Feret mínimo,Razão de aspecto (AR),Arredondamento,Solidez,Superfície específica,Razão de Feret,Diâmetro médio,Área de Voronoi
A1,10.025055093505822,29.554495546875003,21.820544062500005,1100.0,32693.062330781253,664.3029086875856,16.84337102216242,176.06575144508625,0.6883555278541127,346.0,0.2559,9.716810079418947,13.899387656250003,4.0075720312500005,4.0075720312500005,5.167009921875001,2.3558545312500003,84.89099999999999,0.6625000000000001,5.633096250000001,108.435,2.8342671093750003,1.965,0.509,0.8,1.460850998788305,1.8200692041522493,3.5173607778840976,124.79338114114945
A2,10.837679309912877,26.437880273437504,20.707329609375,1005.0,26564.449290000004,453.34509806645514,18.651519104831046,214.1316115421682,0.6646191508548125,284.5,0.32989999999999997,7.436576490051271,11.488835390625002,3.56228625,3.1170004687500006,4.194776953125,2.2283548828125004,50.7375,0.712,4.649307421875001,85.09700000000001,2.6717146875,1.874,0.534,0.806,1.566614011920878,1.7889273356401383,3.0770314846532107,177.39919859862857
A3,9.234943994694486,30.08221312500001,22.265829843750005,1146.0,34351.40596054688,709.0173279023072,15.590789262603492,150.41666666666697,0.6887663096608998,405.0,0.2218,11.69969930952759,15.420138750000001,4.89814359375,4.4528578125000005,5.720920781250001,2.5315035937500006,77.561,0.639,6.202414921875001,105.945,3.1170004687500006,2.0,0.5,0.8,1.364636419533776,1.8688882818901937,3.8596009926417536,117.04673484918276
B1,9.209891860609963,27.659334609375,20.0394009375,1174.5,33933.03493136719,588.6723916322205,14.919577293777245,143.84612730831003,0.6929475680386923,423.5,0.2673,11.69969930952759,14.898584296875,4.4528578125000005,4.4528578125000005,5.4759365625,2.6432102343750006,85.8655,0.685,5.974379296875001,108.435,3.1170004687500006,1.855,0.539,0.806,1.3305721439018166,1.773042215611978,3.8596009926417536,109.69428215172836
B2,10.16184489334973,28.035285234375003,20.9299725,1134.0,31693.780947187504,545.7556891125001,16.447961341534274,172.0868644067799,0.7020406621035694,354.0,0.3131,10.708551445330812,14.052695390625003,4.0075720312500005,4.4528578125000005,5.213618554687501,2.5507633593750003,78.2645,0.7,5.633096250000001,107.103,3.0692362500000003,1.894,0.528,0.811,1.3446635536922988,1.8027681660899655,3.6924993117163982,132.72888948186764
B3,11.039943517536521,28.517164570312506,20.0394009375,996.0,28876.289093671883,648.0308721650209,18.46969775015915,214.50530035335635,0.7199221867346706,284.0,0.29825,14.476100332708741,16.832264765625002,4.89814359375,4.89814359375,6.200874140625,2.9244028125000003,76.54,0.664,6.782519062500001,99.462,3.4798544531250006,1.939,0.516,0.818,1.1902343989910458,1.8200692041522493,4.293197339647762,156.9176468168615
C1,9.01490466572443,23.664474023437503,16.921630078125002,1332.5,31248.468972656254,389.18281465173345,14.261084323588173,135.3856971415026,0.719626698362839,450.0,0.3241,8.130379994989015,12.271552265625003,3.56228625,3.56228625,4.58074265625,2.1852130078125,82.92349999999999,0.719,4.979034609375001,108.435,2.6509141406250003,1.907,0.524,0.815,1.567834087218466,1.8027681660899655,3.2174401817817357,80.53279834548319
C2,8.375116936864783,21.970770234375003,16.031058515625002,1344.0,30826.75791492188,322.14442192569584,13.866086254892586,122.32680722891584,0.6680265994902805,498.0,0.3737,5.949261192041016,10.229246718750002,3.1170004687500006,3.1170004687500006,3.8950950000000004,1.8759011718750003,55.532,0.745,4.224822187500001,69.444,2.2264289062500002,1.948,0.513,0.806,1.7566234589927248,1.8178621659634318,2.7522417429551633,86.06463575975494
C3,6.780105558750513,20.429603789062504,14.695201171875002,1516.5,30978.386582929692,294.16378356787726,10.351250843054807,72.78236195487088,0.665197174114025,837.0,0.32199999999999995,5.949261192041016,10.229246718750002,3.1170004687500006,3.1170004687500006,3.8950950000000004,1.9198134375000002,77.638,0.742,4.224822187500001,112.62,2.2264289062500002,1.863,0.537,0.8,1.7693248225854512,1.7821486193172364,2.7522417429551633,56.490876732266315
D1,10.854216578355668,21.258929296875003,15.585772734375004,1063.0,21811.85174507813,325.987939032605,17.59022391500576,201.71771523178836,0.6987612860352803,302.0,0.4169,15.269612125781254,17.0934271875,5.343429375,4.89814359375,6.175451250000001,3.066925078125,74.195,0.678,6.782519062500001,103.392,3.56228625,1.846,0.542,0.815,1.154448368290323,1.769267997580157,4.409294046818861,155.02201806957373
D2,9.504521710289268,23.083214296875003,16.921630078125002,1359.0,32457.492285468757,369.9177489799805,14.909247465886498,139.40217391304324,0.6196508704830319,437.0,0.3402,14.476100332708741,16.310710312500003,4.89814359375,4.4528578125000005,5.874228515625001,3.0761697656250004,71.098,0.709,6.422746640625001,102.529,3.56228625,1.841,0.543,0.835,1.1534760062474094,1.7886058556177995,4.293197339647762,113.5946942273732
D3,10.883718529304783,22.0054378125,16.476344296875002,1147.0,25108.05431789063,314.48468879077154,17.533886805386132,192.1727129337537,0.661591845822647,317.0,0.398,15.666071271459964,17.201281875000003,4.89814359375,4.89814359375,6.2012593359375,3.1424233593750004,84.5615,0.685,6.782519062500001,109.179,3.6177543750000005,1.809,0.553,0.819,1.121569981249595,1.7400611620795106,4.466168542885758,156.79543427744062
E1,11.662503047302216,20.995070507812507,15.585772734375004,922.5,20024.589792539067,287.5352596629182,18.7506662413483,226.46375464684047,0.7758168289973848,269.0,0.4431,21.61533246350098,19.872996562500003,5.788715156250001,5.788715156250001,7.375719843750001,3.626999062500001,81.65,0.696,7.891111171875002,97.125,4.179369140625001,1.773,0.564,0.851,0.9538618007150426,1.7089965397923874,5.246093409874359,171.6540886417017
E2,10.914792133105244,24.14250140625,17.812201640625002,1104.5,27120.422099882817,423.11894596960155,17.49370931244013,206.5042372881358,0.8053727571712497,295.0,0.39835,14.277870759869387,16.679727421875,4.89814359375,4.89814359375,6.046025625,2.9490553125,84.953,0.673,6.619966640625001,109.983,3.5349373828125006,1.877,0.533,0.815,1.1933924114646168,1.7943656311717224,4.263701404423578,137.64701670840458
E3,11.365314301406135,21.05477578125,15.585772734375004,1044.0,22109.765651718757,294.1531005370057,19.01008346391964,224.7924354243545,0.8004426078013854,271.0,0.4381,15.467841698620608,17.201281875000003,5.343429375,4.89814359375,6.197792578125001,3.1123781250000007,87.213,0.674,6.782519062500001,110.556,3.584627578125,1.828,0.547,0.814,1.1435574199685485,1.7537106507910618,4.43782240771161,157.5112785481765
