ID,Amostra,Circ_img_median,Dm_img_median
A1C1,A1,0.674,4.051127976095656
A1C10,A1,0.654,4.9356840697831545
A1C11,A1,0.603,5.148899442693899
A1C12,A1,0.7545,2.7522417429551633
A1C13,A1,0.693,2.972676112031045
A1C2,A1,0.632,3.408026650214511
A1C3,A1,0.686,4.143527370722917
A1C4,A1,0.672,3.6924993117163982
A1C5,A1,0.563,4.466168542885758
A1C6,A1,0.585,5.246093409874359
A1C7,A1,0.577,5.617945096032413
A1C8,A1,0.5215000000000001,5.423431221508336
A1C9,A1,0.591,4.881804606587423
A1I1,A1,0.687,2.842467602949052
A1I10,A1,0.597,4.27844937203567
A1I11,A1,0.5825,3.9405587697523794
A1I12,A1,0.745,3.3330320305344756
A1I13,A1,0.667,3.05652521649071
A1I3,A1,0.7335,3.05652521649071
A1I4,A1,0.592,3.793643678609149
A1I5,A1,0.8085,2.7749800801490534
A1I6,A1,0.6145,3.3330320305344756
A1I7,A1,0.74,2.7977184173429435
A1I8,A1,0.6775,3.313992023096619
A1S1,A1,0.595,4.293197339647762
A1S12,A1,0.676,3.892160525142332
A1S13,A1,0.6575,4.004097770145897
A1S14,A1,0.716,3.9245462099973776
A1S15,A1,0.589,4.766943272700138
A1S17,A1,0.71,3.553057918592441
A1S2,A1,0.66,3.5173607778840976
A1S3,A1,0.599,3.9565713295073817
A1S4,A1,0.738,3.0975377528157115
A1S7,A1,0.6875,3.62339730570945
A1S8,A1,0.636,3.517177768700518
A2C1,A2,0.706,3.553057918592441
A2C10,A2,0.7475,3.4264417981974566
A2C11,A2,0.74,3.444856946180402
A2C12,A2,0.6775,3.956442757796241
A2C13,A2,0.6695,4.050648764097673
A2C14,A2,0.4895,6.040230713411442
A2C15,A2,0.6335,3.8594624833601925
A2C16,A2,0.664,3.8596009926417536
A2C17,A2,0.697,2.972676112031045
A2C18,A2,0.645,3.256426731007273
A2C19,A2,0.746,2.92991630187024
A2C2,A2,0.694,3.2364637038381217
A2C20,A2,0.716,2.7977184173429435
A2C21,A2,0.786,2.383364231154091
A2C22,A2,0.6735,2.9937528129848046
A2C23,A2,0.753,2.302723466275557
A2C24,A2,0.754,2.634866435312141
A2C25,A2,0.743,2.92991630187024
A2C26,A2,0.698,3.62339730570945
A2C27,A2,0.708,2.7977184173429435
A2C28,A2,0.658,4.112958222600242
A2C3,A2,0.722,2.383364231154091
A2C4,A2,0.71,2.92991630187024
A2C5,A2,0.71,3.05652521649071
A2C6,A2,0.76,2.6588139234743946
A2C7,A2,0.735,2.706000901808765
A2C8,A2,0.761,2.5123913481852753
A2C9,A2,0.6835,4.050648764097673
A3C1,A3,0.5985,4.550147541199887
A3C10,A3,0.714,3.444856946180402
A3C11,A3,0.719,3.370793959514185
A3C12,A3,0.6194999999999999,3.35191299502433
A3C13,A3,0.5925,3.481297618808595
A3C14,A3,0.606,4.293197339647762
A3C15,A3,0.514,4.051127976095656
A3C16,A3,0.634,3.256426731007273
A3C17,A3,0.6285000000000001,3.481297618808595
A3C18,A3,0.69,3.7602311935805393
A3C19,A3,0.6895,3.588399964322187
A3C2,A3,0.652,4.380493646883157
A3C20,A3,0.635,3.9883393055951037
A3C21,A3,0.689,3.726519139639712
A3C22,A3,0.5834999999999999,4.143527370722917
A3C23,A3,0.662,4.051008199668727
A3C24,A3,0.657,3.7602311935805393
A3C25,A3,0.628,3.9245462099973776
A3C26,A3,0.553,4.686850431997594
A3C27,A3,0.606,4.380493646883157
A3C28,A3,0.607,4.097559193620503
A3C29,A3,0.629,4.082160164640764
A3C3,A3,0.611,4.112958222600242
A3C30,A3,0.5794999999999999,4.8195991147906865
A3C31,A3,0.581,3.8596009926417536
A3C32,A3,0.5854999999999999,3.6924993117163982
A3C33,A3,0.588,4.173963161416079
A3C34,A3,0.64,4.8457904441091655
A3C35,A3,0.6645000000000001,3.4993291983463464
A3C36,A3,0.619,4.051127976095656
A3C37,A3,0.631,4.20408874834173
A3C38,A3,0.6625000000000001,4.173963161416079
A3C39,A3,0.72,3.588399964322187
A3C4,A3,0.632,4.019856234696691
A3C40,A3,0.6415,3.588399964322187
A3C41,A3,0.668,3.9245462099973776
A3C42,A3,0.7275,3.2949520156587626
A3C43,A3,0.7555000000000001,2.92991630187024
A3C5,A3,0.638,3.7602311935805393
A3C6,A3,0.65,3.6924993117163982
A3C7,A3,0.6935,3.177975392017481
A3C8,A3,0.6495,3.7602311935805393
A3C9,A3,0.645,3.553057918592441
A3I1,A3,0.539,4.112958222600242
A3I10,A3,0.64,4.466168542885758
A3I11,A3,0.523,4.766649186826072
A3I12,A3,0.645,3.9724553175512427
A3I13,A3,0.675,3.588399964322187
A3I14,A3,0.656,3.892160525142332
A3I15,A3,0.478,4.550147541199887
A3I16,A3,0.624,4.263701404423578
A3I18,A3,0.658,3.875880758892043
A3I19,A3,0.596,4.466168542885758
A3I2,A3,0.676,3.481297618808595
A3I20,A3,0.586,4.20408874834173
A3I21,A3,0.6695,3.9883393055951037
A3I22,A3,0.644,3.7602311935805393
A3I23,A3,0.691,3.726519139639712
A3I24,A3,0.665,4.051127976095656
A3I25,A3,0.684,4.082160164640764
A3I26,A3,0.621,4.20408874834173
A3I27,A3,0.651,4.233999992325055
A3I28,A3,0.615,4.577798201948444
A3I29,A3,0.674,3.8267644415780526
A3I3,A3,0.598,4.019856234696691
A3I30,A3,0.676,3.7602311935805393
A3I31,A3,0.6825000000000001,3.4630772824944986
A3I32,A3,0.677,3.408026650214511
A3I33,A3,0.653,3.726519139639712
A3I34,A3,0.657,3.553057918592441
A3I35,A3,0.672,3.62339730570945
A3I36,A3,0.696,3.62339730570945
A3I4,A3,0.6165,4.20408874834173
A3I5,A3,0.659,3.892160525142332
A3I6,A3,0.6045,3.8596009926417536
A3I7,A3,0.64,3.9083533675698545
A3I8,A3,0.648,3.892160525142332
A3I9,A3,0.566,5.365022341100017
A3S1,A3,0.589,4.6052828478647685
A3S10,A3,0.649,3.5173607778840976
A3S11,A3,0.689,3.5173607778840976
A3S12,A3,0.507,4.6597682125002855
A3S13,A3,0.539,4.549809374071922
A3S14,A3,0.701,3.5352093482382694
A3S15,A3,0.6555,4.019856234696691
A3S16,A3,0.673,3.726519139639712
A3S17,A3,0.6505000000000001,3.892160525142332
A3S18,A3,0.6405000000000001,3.9405587697523794
A3S19,A3,0.629,4.577798201948444
A3S20,A3,0.6425000000000001,4.423558227265236
A3S21,A3,0.566,4.173963161416079
A3S22,A3,0.5660000000000001,4.6052828478647685
A3S23,A3,0.616,4.143527370722917
A3S24,A3,0.5945,4.097559193620503
A3S25,A3,0.6385000000000001,4.466079153995342
A3S26,A3,0.544,4.112958222600242
A3S27,A3,0.625,4.173963161416079
A3S28,A3,0.52,4.897598645292381
A3S29,A3,0.6575,3.408026650214511
A3S3,A3,0.616,3.9883393055951037
A3S30,A3,0.6194999999999999,4.143527370722917
A3S31,A3,0.627,3.6924993117163982
A3S32,A3,0.697,3.657948308712924
A3S33,A3,0.589,3.793643678609149
A3S34,A3,0.731,3.3330320305344756
A3S35,A3,0.609,3.62339730570945
A3S36,A3,0.5625,4.307844672031499
A3S37,A3,0.5865,4.20408874834173
A3S38,A3,0.6935,3.875880758892043
A3S39,A3,0.555,3.9245462099973776
A3S40,A3,0.587,4.051127976095656
A3S41,A3,0.615,3.9565713295073817
A3S42,A3,0.578,4.12824279666158
A3S43,A3,0.626,4.082160164640764
A3S44,A3,0.633,3.6924993117163982
A3S6,A3,0.5615000000000001,4.248850698374317
A3S7,A3,0.636,3.553057918592441
A3S8,A3,0.623,3.709509225678055
A3S9,A3,0.629,3.6581631232014584
B1C1,B1,0.572,4.522327820449592
B1C10,B1,0.703,3.408026650214511
B1C11,B1,0.678,4.713623226401413
B1C12,B1,0.648,3.9565713295073817
B1C13,B1,0.674,5.049909954313388
B1C14,B1,0.655,3.875880758892043
B1C15,B1,0.6665000000000001,3.4993291983463464
B1C16,B1,0.7255,4.63256487980175
B1C20,B1,0.691,5.617945096032413
B1C21,B1,0.698,4.793271193745412
B1C24,B1,0.677,4.051127976095656
B1C25,B1,0.661,4.351589463553366
B1C28,B1,0.726,3.6924993117163982
B1C3,B1,0.761,3.62339730570945
B1C4,B1,0.6225,3.776937436094844
B1C6,B1,0.768,4.351589463553366
B1C7,B1,0.7,4.999604725842821
B1C8,B1,0.5945,4.143527370722917
B1C9,B1,0.6815,4.673348671868164
B1I10,B1,0.58,4.019856234696691
B1I12,B1,0.647,4.293197339647762
B1I13,B1,0.641,3.9883393055951037
B1I14,B1,0.68,4.263701404423578
B1I15,B1,0.568,4.897598645292381
B1I16,B1,0.658,4.0973276734092865
B1I19,B1,0.633,4.263701404423578
B1I21,B1,0.6685000000000001,3.709509225678055
B1I22,B1,0.6045,4.004097770145897
B1I23,B1,0.6755,3.9405587697523794
B1I24,B1,0.7115,3.5173607778840976
B1I25,B1,0.644,3.481297618808595
B1I26,B1,0.697,3.553057918592441
B1I27,B1,0.697,3.408026650214511
B1I29,B1,0.726,3.553057918592441
B1I3,B1,0.606,3.6581631232014584
B1I30,B1,0.683,3.4264417981974566
B1I4,B1,0.589,3.875880758892043
B1S1,B1,0.667,3.8267644415780526
B1S10,B1,0.7015,3.7433751666101256
B1S15,B1,0.748,3.62339730570945
B1S16,B1,0.715,4.14346069200816
B1S19,B1,0.681,4.019856234696691
B1S2,B1,0.721,3.481297618808595
B1S21,B1,0.726,3.9565713295073817
B1S27,B1,0.643,4.43782240771161
B1S4,B1,0.766,3.2174401817817357
B1S5,B1,0.781,3.2174401817817357
B1S6,B1,0.697,3.6581631232014584
B1S7,B1,0.7404999999999999,3.444856946180402
B1S8,B1,0.713,3.5173607778840976
B2C1,B2,0.714,2.842467602949052
B2C10,B2,0.7545,3.2174401817817357
B2C11,B2,0.713,3.7602311935805393
B2C12,B2,0.693,3.657948308712924
B2C13,B2,0.769,3.256426731007273
B2C14,B2,0.727,3.5173607778840976
B2C15,B2,0.755,3.726519139639712
B2C16,B2,0.709,3.5173607778840976
B2C17,B2,0.8185,2.383364231154091
B2C18,B2,0.7244999999999999,3.6058986350158184
B2C19,B2,0.743,3.370793959514185
B2C2,B2,0.706,3.444856946180402
B2C20,B2,0.652,4.051008199668727
B2C21,B2,0.6875,3.7263652526484687
B2C22,B2,0.7455,3.8920736013195656
B2C23,B2,0.745,3.9565713295073817
B2C24,B2,0.722,3.4993291983463464
B2C25,B2,0.673,4.051127976095656
B2C26,B2,0.673,4.923298307176276
B2C27,B2,0.663,4.508331860364333
B2C28,B2,0.746,3.408026650214511
B2C29,B2,0.707,4.20408874834173
B2C3,B2,0.743,3.0975377528157115
B2C30,B2,0.784,4.112958222600242
B2C31,B2,0.713,4.189025954878905
B2C32,B2,0.724,3.843182717109903
B2C33,B2,0.7275,3.8266223356254514
B2C34,B2,0.763,3.177975392017481
B2C35,B2,0.7484999999999999,3.6058986350158184
B2C36,B2,0.688,4.20408874834173
B2C37,B2,0.767,3.444856946180402
B2C38,B2,0.714,3.5173607778840976
B2C39,B2,0.795,2.842467602949052
B2C4,B2,0.663,3.62339730570945
B2C5,B2,0.6325000000000001,3.793643678609149
B2C6,B2,0.672,3.2174401817817357
B2C7,B2,0.677,3.3330320305344756
B2C8,B2,0.685,3.408026650214511
B2C9,B2,0.7665,3.2949520156587626
B2I1,B2,0.697,2.886523134307078
B2I10,B2,0.7164999999999999,3.389410304864348
B2I11,B2,0.763,2.92991630187024
B2I12,B2,0.7765,2.5372600769927467
B2I13,B2,0.728,3.0975377528157115
B2I15,B2,0.6675,3.8596009926417536
B2I16,B2,0.6735,4.173963161416079
B2I17,B2,0.608,4.6598469117387324
B2I18,B2,0.63,4.43782240771161
B2I19,B2,0.674,3.9883393055951037
B2I2,B2,0.76,3.177975392017481
B2I20,B2,0.6275,4.408879003219562
B2I21,B2,0.618,3.892160525142332
B2I22,B2,0.6125,5.049624808152818
B2I23,B2,0.668,4.686541006904104
B2I24,B2,0.668,4.293197339647762
B2I25,B2,0.6964999999999999,3.6923411314205854
B2I26,B2,0.593,4.263701404423578
B2I27,B2,0.63,3.924365927324857
B2I28,B2,0.563,5.049624808152818
B2I29,B2,0.5595000000000001,5.364816062453377
B2I3,B2,0.822,2.562128805800218
B2I30,B2,0.661,4.921626726490347
B2I31,B2,0.677,3.9565713295073817
B2I32,B2,0.643,3.8596009926417536
B2I33,B2,0.595,4.466168542885758
B2I37,B2,0.6405000000000001,4.06664407036821
B2I38,B2,0.587,4.8195991147906865
B2I39,B2,0.6405000000000001,3.9883393055951037
B2I4,B2,0.649,4.173963161416079
B2I40,B2,0.667,4.173479107462649
B2I41,B2,0.683,3.48110886203225
B2I43,B2,0.5774999999999999,5.305771152904251
B2I44,B2,0.6785000000000001,3.6581631232014584
B2I45,B2,0.62,3.8267644415780526
B2I46,B2,0.661,3.892160525142332
B2I49,B2,0.7495,3.1380143181944913
B2I5,B2,0.6785000000000001,3.875880758892043
B2I50,B2,0.6045,4.618822556843588
B2I6,B2,0.71,3.875880758892043
B2I7,B2,0.658,3.588399964322187
B2I9,B2,0.701,3.0975377528157115
B2S14,B2,0.6944999999999999,4.5360670511137595
B2S15,B2,0.716,4.408879003219562
B2S17,B2,0.744,4.189025954878905
B2S19,B2,0.6755,4.322492004415237
B2S20,B2,0.725,3.553057918592441
B2S21,B2,0.659,4.8195991147906865
B2S22,B2,0.71,3.793643678609149
B2S23,B2,0.6855,4.233895076382654
B2S26,B2,0.657,4.112958222600242
B2S27,B2,0.664,4.322492004415237
B3C1,B3,0.634,3.481297618808595
B3C10,B3,0.592,4.910448476234329
B3C11,B3,0.693,3.588399964322187
B3C12,B3,0.708,4.051127976095656
B3C13,B3,0.6975,3.553057918592441
B3C14,B3,0.5205,6.7414498373096245
B3C15,B3,0.547,4.766943272700138
B3C16,B3,0.594,5.03734632534197
B3C17,B3,0.7084999999999999,4.366041555218262
B3C18,B3,0.6735,4.832694779449926
B3C19,B3,0.6975,4.337040733984301
B3C2,B3,0.6375,4.051008199668727
B3C20,B3,0.694,4.12824279666158
B3C21,B3,0.7344999999999999,3.793643678609149
B3C22,B3,0.5974999999999999,4.76686975973627
B3C23,B3,0.612,4.832694779449926
B3C24,B3,0.697,4.051127976095656
B3C25,B3,0.657,3.726519139639712
B3C26,B3,0.659,5.024782696370551
B3C27,B3,0.5914999999999999,6.029784352045037
B3C28,B3,0.682,3.9724553175512427
B3C29,B3,0.63,5.435200233991468
B3C3,B3,0.646,3.657948308712924
B3C30,B3,0.6415,4.63256487980175
B3C31,B3,0.658,4.646266452370854
B3C32,B3,0.673,4.019856234696691
B3C34,B3,0.674,4.128061663028422
B3C35,B3,0.7115,4.577798201948444
B3C36,B3,0.664,4.337040733984301
B3C37,B3,0.703,4.263701404423578
B3C38,B3,0.698,4.082160164640764
B3C39,B3,0.756,3.313992023096619
B3C4,B3,0.688,4.550147541199887
B3C40,B3,0.6944999999999999,3.177975392017481
B3C41,B3,0.69,3.370793959514185
B3C42,B3,0.705,3.588399964322187
B3C5,B3,0.745,3.2174401817817357
B3C6,B3,0.6575,4.550147541199887
B3C7,B3,0.6785000000000001,3.776937436094844
B3C8,B3,0.643,4.173963161416079
B3C9,B3,0.718,4.004097770145897
B3S1,B3,0.669,4.233999992325055
B3S10,B3,0.606,4.466168542885758
B3S11,B3,0.707,4.6052828478647685
B3S12,B3,0.6545000000000001,4.936081409304579
B3S13,B3,0.666,4.577798201948444
B3S14,B3,0.691,4.322492004415237
B3S15,B3,0.6515,4.4802522215824165
B3S16,B3,0.585,4.871763413723488
B3S17,B3,0.689,4.494335900279075
B3S18,B3,0.716,4.6598469117387324
B3S19,B3,0.624,4.534570479278797
B3S2,B3,0.7,4.6052828478647685
B3S20,B3,0.56,6.415118365619523
B3S21,B3,0.672,4.437731294852309
B3S22,B3,0.643,3.9565713295073817
B3S23,B3,0.513,4.999604725842821
B3S3,B3,0.628,5.38849315222515
B3S4,B3,0.6054999999999999,5.848599053613441
B3S5,B3,0.624,5.148899442693899
B3S6,B3,0.498,7.686484729530678
B3S7,B3,0.553,5.976744188763515
B3S8,B3,0.5435000000000001,7.016417297390602
B3S9,B3,0.585,4.632685993002976
C1C10,C1,0.6555,3.776937436094844
C1C12,C1,0.565,4.380493646883157
C1C13,C1,0.5605,3.553057918592441
C1C14,C1,0.6255,2.9082197180886586
C1C19,C1,0.47,3.8596009926417536
C1C20,C1,0.575,3.2949520156587626
C1C3,C1,0.73,3.0975377528157115
C1C4,C1,0.78,2.7522417429551633
C1C5,C1,0.7735000000000001,4.097559193620503
C1C7,C1,0.711,4.019856234696691
C1C8,C1,0.666,4.494335900279075
C1C9,C1,0.677,4.019856234696691
C1I10,C1,0.629,3.444662134511553
C1I12,C1,0.711,3.2174401817817357
C1I13,C1,0.711,2.706000901808765
C1I16,C1,0.6355,3.313992023096619
C1I17,C1,0.775,2.24708387943298
C1I18,C1,0.742,2.886523134307078
C1I19,C1,0.741,2.92991630187024
C1I20,C1,0.4615,5.0247573400781045
C1I21,C1,0.524,3.5173607778840976
C1I22,C1,0.476,3.481297618808595
C1I4,C1,0.747,3.9883393055951037
C1I6,C1,0.722,3.014829513938564
C1I7,C1,0.614,3.9565713295073817
C1I8,C1,0.546,4.466168542885758
C1I9,C1,0.662,3.8596009926417536
C1S1,C1,0.8305,2.7977184173429435
C1S11,C1,0.765,3.05652521649071
C1S14,C1,0.8,2.706000901808765
C1S16,C1,0.693,3.793643678609149
C1S2,C1,0.719,3.1380143181944913
C1S26,C1,0.76,3.3330320305344756
C1S3,C1,0.7295,3.117776035505101
C1S30,C1,0.747,3.8267644415780526
C1S31,C1,0.7905,2.92991630187024
C1S5,C1,0.794,2.972676112031045
C1S6,C1,0.7555000000000001,2.972676112031045
C1S8,C1,0.7845,3.0770314846532107
C1S9,C1,0.809,2.6588139234743946
C2C1,C2,0.7084999999999999,2.7522417429551633
C2C10,C2,0.809,3.0975377528157115
C2C11,C2,0.857,2.3568897074770265
C2C12,C2,0.813,2.7522417429551633
C2C13,C2,0.849,2.562128805800218
C2C14,C2,0.8205,2.729121322381964
C2C15,C2,0.8035000000000001,2.8644953686280648
C2C16,C2,0.873,2.3568897074770265
C2C17,C2,0.853,2.5123913481852753
C2C18,C2,0.857,2.4098387548311546
C2C19,C2,0.851,2.562128805800218
C2C2,C2,0.6845000000000001,3.1380143181944913
C2C20,C2,0.787,2.6109189471498877
C2C21,C2,0.686,3.3330320305344756
C2C22,C2,0.779,2.7749800801490534
C2C23,C2,0.811,2.5123913481852753
C2C24,C2,0.775,2.6109189471498877
C2C25,C2,0.794,2.706000901808765
C2C26,C2,0.8005,2.562128805800218
C2C28,C2,0.78,2.7522417429551633
C2C29,C2,0.837,2.6109189471498877
C2C3,C2,0.71,3.0975377528157115
C2C31,C2,0.7695000000000001,2.820093010145998
C2C32,C2,0.715,3.014829513938564
C2C33,C2,0.755,3.014829513938564
C2C34,C2,0.813,2.562128805800218
C2C35,C2,0.811,2.7977184173429435
C2C36,C2,0.8065,2.706000901808765
C2C37,C2,0.786,2.972676112031045
C2C38,C2,0.754,3.1380143181944913
C2C39,C2,0.784,3.0975377528157115
C2C4,C2,0.675,3.177975392017481
C2C5,C2,0.721,3.035677365214637
C2C6,C2,0.7255,2.562128805800218
C2C7,C2,0.686,2.562128805800218
C2C8,C2,0.7004999999999999,2.706000901808765
C2C9,C2,0.777,2.972676112031045
C2I1,C2,0.6515,2.7977184173429435
C2I10,C2,0.686,2.461649153588138
C2I11,C2,0.792,2.24708387943298
C2I12,C2,0.639,2.7977184173429435
C2I13,C2,0.704,2.6109189471498877
C2I14,C2,0.699,2.190203696036637
C2I15,C2,0.723,2.24708387943298
C2I16,C2,0.6964999999999999,2.5372600769927467
C2I17,C2,0.641,2.972676112031045
C2I18,C2,0.643,2.92991630187024
C2I19,C2,0.6635,2.820093010145998
C2I2,C2,0.6865000000000001,2.92991630187024
C2I20,C2,0.679,2.706000901808765
C2I21,C2,0.663,2.842467602949052
C2I22,C2,0.682,2.842467602949052
C2I23,C2,0.629,3.6924993117163982
C2I24,C2,0.702,2.5123913481852753
C2I25,C2,0.615,3.481297618808595
C2I26,C2,0.673,2.7977184173429435
C2I27,C2,0.702,2.4098387548311546
C2I28,C2,0.674,2.7522417429551633
C2I29,C2,0.6725000000000001,2.9937528129848046
C2I3,C2,0.689,2.586523876475053
C2I30,C2,0.697,2.92991630187024
C2I31,C2,0.76,2.5372600769927467
C2I32,C2,0.668,3.014829513938564
C2I33,C2,0.71,2.842467602949052
C2I34,C2,0.68,2.6588139234743946
C2I35,C2,0.736,2.6109189471498877
C2I36,C2,0.6625000000000001,2.9937528129848046
C2I37,C2,0.664,3.05652521649071
C2I38,C2,0.62,3.014829513938564
C2I39,C2,0.649,3.2756893733330177
C2I4,C2,0.699,2.4098387548311546
C2I40,C2,0.686,2.92991630187024
C2I41,C2,0.663,3.8920736013195656
C2I5,C2,0.609,3.553057918592441
C2I6,C2,0.7635000000000001,2.461649153588138
C2I7,C2,0.7015,2.5123913481852753
C2I8,C2,0.64,2.5123913481852753
C2I9,C2,0.719,2.3568897074770265
C2S1,C2,0.748,2.6109189471498877
C2S10,C2,0.7364999999999999,2.329806586876292
C2S11,C2,0.6785000000000001,2.842467602949052
C2S12,C2,0.755,2.706000901808765
C2S13,C2,0.744,3.256426731007273
C2S14,C2,0.71,2.6109189471498877
C2S15,C2,0.736,2.706000901808765
C2S16,C2,0.734,2.842467602949052
C2S17,C2,0.681,2.7977184173429435
C2S18,C2,0.607,3.809339832391022
C2S19,C2,0.72,2.7749800801490534
C2S2,C2,0.764,2.461649153588138
C2S20,C2,0.763,2.6109189471498877
C2S21,C2,0.8,2.0099281173483456
C2S22,C2,0.728,2.7522417429551633
C2S23,C2,0.63,3.6924993117163982
C2S24,C2,0.6194999999999999,3.6924993117163982
C2S25,C2,0.6735,2.92991630187024
C2S26,C2,0.785,2.2749036728542684
C2S27,C2,0.708,2.4357439542096464
C2S3,C2,0.693,2.972676112031045
C2S4,C2,0.62,3.05652521649071
C2S5,C2,0.831,2.190203696036637
C2S6,C2,0.776,2.3568897074770265
C2S7,C2,0.74,2.562128805800218
C2S8,C2,0.7915000000000001,2.5123913481852753
C2S9,C2,0.698,2.7977184173429435
C3C1,C3,0.558,3.014829513938564
C3C13,C3,0.838,2.190203696036637
C3C14,C3,0.805,2.5123913481852753
C3C15,C3,0.799,2.7522417429551633
C3C16,C3,0.857,2.24708387943298
C3C17,C3,0.857,2.24708387943298
C3C18,C3,0.795,2.562128805800218
C3C2,C3,0.5905,2.886523134307078
C3C20,C3,0.687,2.7977184173429435
C3C22,C3,0.8,2.5123913481852753
C3C23,C3,0.808,2.6109189471498877
C3C24,C3,0.744,2.92991630187024
C3C25,C3,0.7735000000000001,2.9082197180886586
C3C26,C3,0.724,3.9565713295073817
C3C28,C3,0.764,3.444856946180402
C3C29,C3,0.719,3.6924993117163982
C3C3,C3,0.663,2.7977184173429435
C3C30,C3,0.765,2.92991630187024
C3C31,C3,0.7455,3.2949520156587626
C3C32,C3,0.792,2.92991630187024
C3C33,C3,0.746,3.014829513938564
C3C34,C3,0.785,2.842467602949052
C3C35,C3,0.776,3.014829513938564
C3C36,C3,0.7785,2.7522417429551633
C3C37,C3,0.779,2.7749800801490534
C3C38,C3,0.801,2.6109189471498877
C3C39,C3,0.796,2.5123913481852753
C3C4,C3,0.675,2.886523134307078
C3C5,C3,0.779,2.6588139234743946
C3C6,C3,0.763,2.7522417429551633
C3C7,C3,0.764,3.177975392017481
C3C8,C3,0.7315,2.92991630187024
C3C9,C3,0.7585,2.92991630187024
C3I1,C3,0.619,2.6109189471498877
C3I10,C3,0.799,2.461649153588138
C3I11,C3,0.7244999999999999,2.7977184173429435
C3I12,C3,0.733,2.8644953686280648
C3I13,C3,0.7284999999999999,2.820093010145998
C3I14,C3,0.752,2.6109189471498877
C3I15,C3,0.744,2.972676112031045
C3I16,C3,0.782,2.6588139234743946
C3I17,C3,0.75,2.842467602949052
C3I18,C3,0.75,2.7977184173429435
C3I19,C3,0.774,2.6588139234743946
C3I2,C3,0.698,2.461649153588138
C3I20,C3,0.7555000000000001,3.014829513938564
C3I21,C3,0.7455,2.92991630187024
C3I22,C3,0.747,3.408026650214511
C3I23,C3,0.747,2.972676112031045
C3I24,C3,0.81,2.5123913481852753
C3I25,C3,0.777,2.7977184173429435
C3I26,C3,0.733,2.92991630187024
C3I27,C3,0.793,2.6109189471498877
C3I28,C3,0.782,2.562128805800218
C3I29,C3,0.539,3.2174401817817357
C3I3,C3,0.668,2.302723466275557
C3I4,C3,0.7575000000000001,2.3568897074770265
C3I5,C3,0.809,2.190203696036637
C3I6,C3,0.786,2.4098387548311546
C3I7,C3,0.8505,2.1318063934273015
C3I8,C3,0.795,2.3568897074770265
C3I9,C3,0.8025,2.5123913481852753
C3S1,C3,0.509,3.5173607778840976
C3S11,C3,0.786,2.6109189471498877
C3S12,C3,0.7795000000000001,2.586523876475053
C3S13,C3,0.749,3.0770314846532107
C3S14,C3,0.7495,3.177975392017481
C3S15,C3,0.754,2.972676112031045
C3S16,C3,0.708,3.481297618808595
C3S17,C3,0.738,3.05652521649071
C3S18,C3,0.5485,3.2756893733330177
C3S2,C3,0.535,3.35191299502433
C3S22,C3,0.654,3.588399964322187
C3S23,C3,0.5215000000000001,3.9724553175512427
C3S24,C3,0.557,3.875880758892043
C3S25,C3,0.425,4.051127976095656
C3S26,C3,0.611,3.444856946180402
C3S27,C3,0.574,3.2949520156587626
C3S28,C3,0.475,4.051127976095656
C3S29,C3,0.502,3.481297618808595
C3S3,C3,0.6944999999999999,2.92991630187024
C3S31,C3,0.5714999999999999,3.177975392017481
C3S32,C3,0.548,3.7602311935805393
C3S33,C3,0.58,3.9245462099973776
C3S34,C3,0.581,4.293197339647762
C3S35,C3,0.564,3.6924993117163982
C3S36,C3,0.534,4.740396020805233
C3S37,C3,0.51,4.233999992325055
C3S38,C3,0.5774999999999999,3.7263652526484687
C3S39,C3,0.569,3.9245462099973776
C3S4,C3,0.7235,2.842467602949052
C3S40,C3,0.604,3.0975377528157115
C3S43,C3,0.633,3.014829513938564
C3S44,C3,0.719,2.886523134307078
C3S46,C3,0.6234999999999999,3.0975377528157115
C3S5,C3,0.763,2.562128805800218
C3S6,C3,0.756,2.729121322381964
C3S7,C3,0.831,2.302723466275557
C3S8,C3,0.7525,2.6109189471498877
C3S9,C3,0.785,2.706000901808765
D1C12,D1,0.593,3.9245462099973776
D1C14,D1,0.6625000000000001,4.4802522215824165
D1C15,D1,0.675,4.423331094884458
D1C16,D1,0.6865000000000001,5.037221537877949
D1C2,D1,0.705,4.263701404423578
D1C22,D1,0.632,5.870566493236446
D1C23,D1,0.701,4.27844937203567
D1C25,D1,0.6455,5.329503970279413
D1C26,D1,0.565,5.629154316675351
D1C28,D1,0.697,4.961581913637876
D1C29,D1,0.662,4.494335900279075
D1C3,D1,0.709,4.263701404423578
D1C31,D1,0.7064999999999999,3.7430714951627735
D1C4,D1,0.664,4.632685993002976
D1C5,D1,0.646,4.322492004415237
D1C9,D1,0.638,4.409294046818861
D1I11,D1,0.507,4.713395092219436
D1I15,D1,0.656,3.9883393055951037
D1I17,D1,0.652,4.632685993002976
D1I18,D1,0.725,4.43782240771161
D1I19,D1,0.698,4.203981576870567
D1I2,D1,0.758,4.143527370722917
D1I26,D1,0.662,3.62339730570945
D1I27,D1,0.646,4.351589463553366
D1I3,D1,0.665,4.380493646883157
D1I6,D1,0.7215,4.112958222600242
D1I8,D1,0.699,4.97429931584287
D1I9,D1,0.758,3.553057918592441
D1S10,D1,0.7315,3.313992023096619
D1S11,D1,0.682,4.051127976095656
D1S13,D1,0.709,4.112958222600242
D1S15,D1,0.6615,5.111868896303488
D1S16,D1,0.653,5.074838349913076
D1S21,D1,0.647,4.248850698374317
D1S23,D1,0.699,5.173350867865873
D1S8,D1,0.692,4.550147541199887
D1S9,D1,0.73,3.444856946180402
D2C1,D2,0.7955000000000001,3.370793959514185
D2C10,D2,0.723,4.522327820449592
D2C11,D2,0.695,4.766943272700138
D2C12,D2,0.689,4.8457904441091655
D2C13,D2,0.7304999999999999,4.6597682125002855
D2C14,D2,0.653,4.700274845429526
D2C15,D2,0.727,4.263701404423578
D2C16,D2,0.665,4.8195991147906865
D2C17,D2,0.684,3.9565713295073817
D2C18,D2,0.724,3.7602311935805393
D2C19,D2,0.685,4.522327820449592
D2C2,D2,0.7565,3.62339730570945
D2C20,D2,0.704,4.004097770145897
D2C21,D2,0.759,3.444856946180402
D2C22,D2,0.7144999999999999,4.322492004415237
D2C23,D2,0.6485000000000001,5.82741349430602
D2C24,D2,0.6944999999999999,4.713623226401413
D2C25,D2,0.661,4.897598645292381
D2C26,D2,0.657,5.1976872677301005
D2C27,D2,0.676,4.380441755186114
D2C28,D2,0.677,5.293985599458808
D2C29,D2,0.6585000000000001,5.376757746662584
D2C3,D2,0.7895000000000001,4.097559193620503
D2C30,D2,0.6234999999999999,5.606657202382477
D2C31,D2,0.736,4.20408874834173
D2C32,D2,0.7395,4.550063011199018
D2C33,D2,0.6605000000000001,5.246093409874359
D2C34,D2,0.6555,5.305877775539389
D2C35,D2,0.72,4.923298307176276
D2C36,D2,0.663,5.3414483980871035
D2C37,D2,0.686,4.6598469117387324
D2C38,D2,0.6839999999999999,5.173350867865873
D2C39,D2,0.675,5.435200233991468
D2C4,D2,0.706,3.588399964322187
D2C40,D2,0.7435,3.9883393055951037
D2C41,D2,0.723,4.6052828478647685
D2C5,D2,0.692,4.97429931584287
D2C6,D2,0.643,4.740396020805233
D2C7,D2,0.676,4.577798201948444
D2C8,D2,0.715,4.423558227265236
D2C9,D2,0.7184999999999999,4.06664407036821
D2I1,D2,0.799,3.5173607778840976
D2I10,D2,0.701,3.9883393055951037
D2I11,D2,0.705,3.62339730570945
D2I12,D2,0.748,3.6924993117163982
D2I13,D2,0.748,3.62339730570945
D2I14,D2,0.7235,4.466168542885758
D2I15,D2,0.693,4.051127976095656
D2I17,D2,0.7275,4.082160164640764
D2I18,D2,0.756,3.892160525142332
D2I19,D2,0.733,3.675331217458928
D2I2,D2,0.778,3.177975392017481
D2I20,D2,0.7184999999999999,3.726519139639712
D2I21,D2,0.681,3.8267644415780526
D2I22,D2,0.666,4.233999992325055
D2I24,D2,0.719,4.12824279666158
D2I25,D2,0.699,4.263701404423578
D2I26,D2,0.735,3.370793959514185
D2I29,D2,0.722,3.588399964322187
D2I3,D2,0.7605,3.793643678609149
D2I30,D2,0.7665,3.408026650214511
D2I38,D2,0.732,3.6924993117163982
D2I39,D2,0.705,3.726519139639712
D2I4,D2,0.756,3.8267644415780526
D2I5,D2,0.695,3.8596009926417536
D2I6,D2,0.683,4.051127976095656
D2I7,D2,0.7104999999999999,4.019856234696691
D2I8,D2,0.738,4.20408874834173
D2I9,D2,0.678,4.437731294852309
D2S1,D2,0.674,4.686850431997594
D2S10,D2,0.662,5.221910250492499
D2S11,D2,0.714,4.6052828478647685
D2S12,D2,0.656,4.632685993002976
D2S13,D2,0.671,4.793343498667307
D2S14,D2,0.713,4.380493646883157
D2S15,D2,0.7,4.686850431997594
D2S16,D2,0.671,5.099644890462815
D2S17,D2,0.662,4.351589463553366
D2S18,D2,0.681,5.341396146359994
D2S19,D2,0.736,4.97429931584287
D2S2,D2,0.635,4.8195991147906865
D2S20,D2,0.7175,4.577715194532328
D2S21,D2,0.711,5.270093907721399
D2S22,D2,0.68,5.087241620187946
D2S23,D2,0.646,6.133536336204614
D2S24,D2,0.703,5.246093409874359
D2S25,D2,0.6245,4.409294046818861
D2S26,D2,0.674,5.270093907721399
D2S27,D2,0.6815,4.76686975973627
D2S28,D2,0.724,4.263701404423578
D2S29,D2,0.733,4.293197339647762
D2S3,D2,0.671,4.351589463553366
D2S30,D2,0.683,4.871763413723488
D2S31,D2,0.6795,5.481392067484709
D2S32,D2,0.721,3.9245462099973776
D2S33,D2,0.702,5.209722138870116
D2S34,D2,0.6795,5.049810523141813
D3C1,D3,0.671,4.6052828478647685
D3C10,D3,0.646,4.536237680824739
D3C11,D3,0.733,4.019856234696691
D3C12,D3,0.674,4.522327820449592
D3C13,D3,0.678,4.858598880041534
D3C14,D3,0.719,3.9565713295073817
D3C15,D3,0.728,3.9245462099973776
D3C16,D3,0.625,4.6052828478647685
D3C17,D3,0.6835,5.0871206499762
D3C18,D3,0.654,5.062374152113232
D3C19,D3,0.676,4.082160164640764
D3C2,D3,0.669,4.986952020842846
D3C20,D3,0.69,4.550147541199887
D3C21,D3,0.702,4.035492105396173
D3C22,D3,0.6074999999999999,4.832694779449926
D3C23,D3,0.609,4.713699258861458
D3C24,D3,0.7375,4.112958222600242
D3C25,D3,0.6865,4.466079153995342
D3C26,D3,0.604,5.1976872677301005
D3C27,D3,0.6415,5.161009306684557
D3C28,D3,0.643,5.124331345639012
D3C29,D3,0.673,5.38849315222515
D3C3,D3,0.7044999999999999,4.20408874834173
D3C30,D3,0.6785000000000001,4.832694779449926
D3C31,D3,0.706,4.76686975973627
D3C32,D3,0.7,4.43782240771161
D3C33,D3,0.665,4.897598645292381
D3C34,D3,0.645,4.451995475298684
D3C35,D3,0.653,4.9995410061067105
D3C36,D3,0.725,4.2632903763784835
D3C37,D3,0.761,4.189025954878905
D3C38,D3,0.73,4.112958222600242
D3C39,D3,0.692,5.435200233991468
D3C4,D3,0.6465000000000001,4.845681264257087
D3C40,D3,0.688,4.6731926259322165
D3C41,D3,0.7384999999999999,3.875880758892043
D3C42,D3,0.719,3.892160525142332
D3C43,D3,0.699,3.481297618808595
D3C44,D3,0.605,5.173350867865873
D3C45,D3,0.655,5.707090504480785
D3C46,D3,0.682,3.9883393055951037
D3C47,D3,0.667,4.173963161416079
D3C48,D3,0.63,5.099644890462815
D3C49,D3,0.611,5.221910250492499
D3C5,D3,0.727,4.713623226401413
D3C50,D3,0.614,4.8195991147906865
D3C6,D3,0.664,4.6598469117387324
D3C7,D3,0.682,3.726519139639712
D3C8,D3,0.618,5.049909954313388
D3C9,D3,0.65,4.409158027297384
D3I1,D3,0.685,4.14346069200816
D3I10,D3,0.703,4.173963161416079
D3I11,D3,0.656,3.9245462099973776
D3I12,D3,0.654,4.6597682125002855
D3I13,D3,0.6735,4.550147541199887
D3I14,D3,0.735,3.9565713295073817
D3I15,D3,0.7555000000000001,3.709509225678055
D3I16,D3,0.7815000000000001,3.640780214455454
D3I17,D3,0.6585000000000001,4.508331860364333
D3I18,D3,0.645,4.632685993002976
D3I19,D3,0.703,3.7602311935805393
D3I2,D3,0.683,4.051127976095656
D3I20,D3,0.683,4.143527370722917
D3I22,D3,0.6895,4.632685993002976
D3I23,D3,0.653,3.8596009926417536
D3I24,D3,0.683,4.700274845429526
D3I25,D3,0.6505000000000001,4.646266452370854
D3I26,D3,0.653,4.97429931584287
D3I27,D3,0.781,3.2174401817817357
D3I28,D3,0.724,3.481297618808595
D3I29,D3,0.627,3.726519139639712
D3I3,D3,0.7155,3.793497817579296
D3I30,D3,0.752,3.2174401817817357
D3I31,D3,0.691,4.632685993002976
D3I32,D3,0.6665000000000001,4.897530860449882
D3I33,D3,0.591,5.1976872677301005
D3I34,D3,0.724,3.62339730570945
D3I35,D3,0.729,3.177975392017481
D3I36,D3,0.722,4.293197339647762
D3I37,D3,0.725,3.892160525142332
D3I38,D3,0.6335,4.43782240771161
D3I39,D3,0.692,4.019856234696691
D3I4,D3,0.7545,3.1579948551059864
D3I5,D3,0.7905,3.35191299502433
D3I6,D3,0.681,4.686850431997594
D3I7,D3,0.655,4.494335900279075
D3I8,D3,0.658,4.380493646883157
D3I9,D3,0.745,3.7602311935805393
D3S1,D3,0.6605000000000001,4.508331860364333
D3S10,D3,0.688,4.632685993002976
D3S11,D3,0.633,4.961581913637876
D3S12,D3,0.528,6.474042664778966
D3S13,D3,0.589,6.008818985548837
D3S14,D3,0.707,4.20408874834173
D3S15,D3,0.731,4.203981576870567
D3S16,D3,0.704,4.948864511432882
D3S17,D3,0.707,4.97429931584287
D3S18,D3,0.732,3.6404496380192928
D3S19,D3,0.648,4.451995475298684
D3S2,D3,0.71,4.43782240771161
D3S20,D3,0.727,4.143527370722917
D3S21,D3,0.713,4.293197339647762
D3S22,D3,0.664,5.5953693087325425
D3S23,D3,0.697,4.158745266069499
D3S24,D3,0.714,4.494335900279075
D3S25,D3,0.6295,4.380493646883157
D3S26,D3,0.6134999999999999,5.491931230478846
D3S27,D3,0.6625000000000001,4.986823603901716
D3S28,D3,0.645,5.902811302749184
D3S29,D3,0.666,5.161125155279886
D3S3,D3,0.622,4.713699258861458
D3S30,D3,0.6675,4.494335900279075
D3S31,D3,0.705,4.577798201948444
D3S32,D3,0.7,4.686850431997594
D3S33,D3,0.7135,4.591540524906606
D3S34,D3,0.6685000000000001,4.4800751140806
D3S35,D3,0.721,4.577798201948444
D3S36,D3,0.625,5.3414483980871035
D3S37,D3,0.653,4.646266452370854
D3S38,D3,0.676,5.173350867865873
D3S39,D3,0.6895,4.672839434335001
D3S4,D3,0.669,4.43782240771161
D3S40,D3,0.6565000000000001,5.606657202382477
D3S41,D3,0.74,4.143527370722917
D3S42,D3,0.705,4.550147541199887
D3S43,D3,0.6884999999999999,4.819566971388236
D3S44,D3,0.718,3.8596009926417536
D3S45,D3,0.736,4.143527370722917
D3S5,D3,0.634,5.400111287545743
D3S6,D3,0.693,4.322492004415237
D3S7,D3,0.696,4.8195991147906865
D3S8,D3,0.749,4.409294046818861
D3S9,D3,0.701,4.494335900279075
E1C10,E1,0.732,4.713699258861458
E1C11,E1,0.722,5.270039504666583
E1C12,E1,0.6435,5.434966784640389
E1C13,E1,0.7224999999999999,4.2930967044194075
E1C14,E1,0.764,4.936081409304579
E1C15,E1,0.602,6.081660344124826
E1C17,E1,0.651,5.707090504480785
E1C18,E1,0.6605000000000001,5.629154316675351
E1C19,E1,0.614,5.561424132255913
E1C2,E1,0.74,4.97429931584287
E1C22,E1,0.6815,5.185519067797987
E1C23,E1,0.6995,5.185519067797987
E1C24,E1,0.654,5.504223845071868
E1C25,E1,0.6695,5.099644890462815
E1C26,E1,0.714,4.713395092219436
E1C27,E1,0.703,5.270093907721399
E1C28,E1,0.664,6.050641127859496
E1C29,E1,0.65,5.8383216837237075
E1C3,E1,0.707,5.024782696370551
E1C30,E1,0.7335,4.713699258861458
E1C32,E1,0.78,4.563972871574165
E1C33,E1,0.711,4.948864511432882
E1C34,E1,0.6875,5.93478380682296
E1C36,E1,0.7004999999999999,4.999604725842821
E1C37,E1,0.6845000000000001,5.364970775156127
E1C38,E1,0.621,6.235622848823602
E1C39,E1,0.653,5.504414844177898
E1C40,E1,0.712,5.617945096032413
E1C8,E1,0.7505,4.871694544700773
E1C9,E1,0.681,5.5500783993522145
E2C1,E2,0.649,4.494248181667675
E2C10,E2,0.56,4.6598469117387324
E2C11,E2,0.569,5.341396146359994
E2C12,E2,0.677,4.307844672031499
E2C13,E2,0.615,4.77999756779796
E2C14,E2,0.6995,4.081691802709804
E2C15,E2,0.621,5.38849315222515
E2C16,E2,0.659,5.03734632534197
E2C17,E2,0.6695,4.550147541199887
E2C18,E2,0.606,6.570783597163542
E2C19,E2,0.6575,5.087241620187946
E2C2,E2,0.624,4.263701404423578
E2C20,E2,0.688,5.124331345639012
E2C21,E2,0.6165,5.52657266501194
E2C22,E2,0.669,4.8195991147906865
E2C23,E2,0.533,5.773046268614156
E2C24,E2,0.643,4.8457904441091655
E2C25,E2,0.698,4.466168542885758
E2C26,E2,0.591,5.4351157320391525
E2C27,E2,0.643,4.409294046818861
E2C28,E2,0.596,5.435200233991468
E2C29,E2,0.651,4.632685993002976
E2C3,E2,0.695,4.466168542885758
E2C30,E2,0.6785000000000001,5.246093409874359
E2C32,E2,0.662,4.97429931584287
E2C33,E2,0.592,5.572769865159611
E2C34,E2,0.677,4.263701404423578
E2C35,E2,0.684,4.263701404423578
E2C36,E2,0.712,4.322492004415237
E2C37,E2,0.5905,5.9560098530025165
E2C38,E2,0.619,5.902811302749184
E2C39,E2,0.6145,5.03734632534197
E2C4,E2,0.7004999999999999,4.019856234696691
E2C40,E2,0.708,4.740396020805233
E2C41,E2,0.643,5.221890338802229
E2C43,E2,0.661,5.024782696370551
E2C44,E2,0.6815,4.713623226401413
E2C45,E2,0.7044999999999999,4.550063011199018
E2C46,E2,0.608,4.97429931584287
E2C47,E2,0.634,4.322492004415237
E2C48,E2,0.658,4.740396020805233
E2C49,E2,0.6445000000000001,5.049810523141813
E2C5,E2,0.727,4.43782240771161
E2C50,E2,0.662,4.6052828478647685
E2C6,E2,0.594,5.246093409874359
E2C7,E2,0.634,4.897598645292381
E2C8,E2,0.662,4.700274845429526
E2C9,E2,0.636,4.380441755186114
E2I1,E2,0.601,4.8457904441091655
E2I10,E2,0.6725000000000001,5.293985599458808
E2I11,E2,0.6745000000000001,3.875880758892043
E2I12,E2,0.717,3.2949520156587626
E2I13,E2,0.657,4.845681264257087
E2I14,E2,0.626,4.293197339647762
E2I15,E2,0.628,5.148899442693899
E2I16,E2,0.6585000000000001,4.832694779449926
E2I17,E2,0.609,4.686850431997594
E2I18,E2,0.6705000000000001,3.5166284552512943
E2I19,E2,0.658,3.1380143181944913
E2I2,E2,0.711,3.726519139639712
E2I20,E2,0.677,4.20408874834173
E2I21,E2,0.669,3.6581631232014584
E2I22,E2,0.724,3.62339730570945
E2I23,E2,0.71,3.370793959514185
E2I24,E2,0.64,5.024782696370551
E2I25,E2,0.7545,3.570728941457314
E2I26,E2,0.678,4.112958222600242
E2I27,E2,0.719,3.9565713295073817
E2I28,E2,0.642,4.948798811509573
E2I29,E2,0.671,4.6598469117387324
E2I3,E2,0.734,4.143527370722917
E2I30,E2,0.682,3.9883393055951037
E2I31,E2,0.737,3.9565713295073817
E2I32,E2,0.6395,5.376485092805719
E2I33,E2,0.6735,4.143527370722917
E2I34,E2,0.7515000000000001,2.886523134307078
E2I35,E2,0.6805000000000001,3.908086161074568
E2I36,E2,0.67,3.2949520156587626
E2I37,E2,0.734,4.143527370722917
E2I38,E2,0.7565,2.729121322381964
E2I39,E2,0.647,4.004097770145897
E2I40,E2,0.756,2.972676112031045
E2I41,E2,0.6725000000000001,3.9083533675698545
E2I42,E2,0.7055,3.810204060093601
E2I43,E2,0.668,4.004097770145897
E2I44,E2,0.6984999999999999,3.875880758892043
E2I45,E2,0.619,4.263701404423578
E2I46,E2,0.7095,4.082160164640764
E2I47,E2,0.737,3.8596009926417536
E2I48,E2,0.731,3.2174401817817357
E2I49,E2,0.7484999999999999,3.2756893733330177
E2I5,E2,0.694,4.293197339647762
E2I50,E2,0.6825000000000001,3.62339730570945
E2I6,E2,0.68,4.035492105396173
E2I7,E2,0.713,3.793643678609149
E2I8,E2,0.6785000000000001,3.9724553175512427
E2I9,E2,0.719,3.5173607778840976
E2S1,E2,0.645,4.112958222600242
E2S13,E2,0.649,4.20408874834173
E2S14,E2,0.653,4.536237680824739
E2S15,E2,0.664,4.051127976095656
E2S16,E2,0.62,4.793343498667307
E2S18,E2,0.619,4.999387232873135
E2S19,E2,0.646,4.322492004415237
E2S2,E2,0.679,4.466168542885758
E2S20,E2,0.636,4.97429931584287
E2S21,E2,0.681,5.124331345639012
E2S23,E2,0.629,5.148841106752442
E2S24,E2,0.6675,5.234001830183429
E2S25,E2,0.696,4.686773085300095
E2S26,E2,0.629,6.092247575845245
E2S27,E2,0.6515,4.8457904441091655
E2S28,E2,0.698,4.20408874834173
E2S29,E2,0.644,4.948864511432882
E2S3,E2,0.694,3.9565713295073817
E2S30,E2,0.662,5.049909954313388
E2S31,E2,0.616,5.124331345639012
E2S32,E2,0.6,5.504414844177898
E2S33,E2,0.648,4.845471071979844
E2S34,E2,0.719,4.409294046818861
E2S35,E2,0.631,5.270093907721399
E2S36,E2,0.6335,4.550147541199887
E2S37,E2,0.655,5.124331345639012
E2S38,E2,0.6375,4.780143385683722
E2S39,E2,0.607,5.38849315222515
E2S4,E2,0.693,3.370793959514185
E2S40,E2,0.651,5.411862173286785
E2S41,E2,0.694,4.550147541199887
E2S42,E2,0.603,5.572769865159611
E2S8,E2,0.707,3.256426731007273
E3C1,E3,0.7024999999999999,4.233999992325055
E3C10,E3,0.6585000000000001,4.713623226401413
E3C11,E3,0.667,3.8267644415780526
E3C12,E3,0.644,4.713699258861458
E3C13,E3,0.6905,4.618984420433872
E3C14,E3,0.697,4.322492004415237
E3C15,E3,0.619,4.632685993002976
E3C16,E3,0.601,4.923298307176276
E3C17,E3,0.579,5.515854311069206
E3C18,E3,0.652,4.112958222600242
E3C19,E3,0.6895,4.536237680824739
E3C2,E3,0.625,4.494335900279075
E3C20,E3,0.607,4.550147541199887
E3C21,E3,0.6595,4.740321265780798
E3C22,E3,0.668,4.293197339647762
E3C23,E3,0.694,4.494335900279075
E3C24,E3,0.568,5.38849315222515
E3C25,E3,0.634,5.5500783993522145
E3C26,E3,0.687,4.380441755186114
E3C27,E3,0.621,5.773046268614156
E3C28,E3,0.7084999999999999,4.112958222600242
E3C29,E3,0.708,3.2949520156587626
E3C3,E3,0.672,4.233999992325055
E3C30,E3,0.72,3.8596009926417536
E3C31,E3,0.65,4.20408874834173
E3C32,E3,0.667,3.481297618808595
E3C33,E3,0.6154999999999999,5.0247573400781045
E3C34,E3,0.713,4.8195991147906865
E3C35,E3,0.548,5.945415775033195
E3C36,E3,0.6745000000000001,4.766649186826072
E3C37,E3,0.6875,5.376757746662584
E3C38,E3,0.644,4.713699258861458
E3C39,E3,0.643,4.632685993002976
E3C4,E3,0.685,4.618822556843588
E3C40,E3,0.6884999999999999,3.5352093482382694
E3C41,E3,0.674,4.632685993002976
E3C42,E3,0.639,4.961451516509548
E3C43,E3,0.63,5.684935205898104
E3C44,E3,0.6214999999999999,4.999604725842821
E3C45,E3,0.691,4.351589463553366
E3C5,E3,0.686,3.9565713295073817
E3C6,E3,0.716,4.082160164640764
E3C7,E3,0.647,4.871763413723488
E3C8,E3,0.619,5.31776995161997
E3C9,E3,0.686,4.923298307176276
E3I1,E3,0.736,3.481297618808595
E3I10,E3,0.645,4.051008199668727
E3I11,E3,0.66,4.713699258861458
E3I12,E3,0.709,3.843182717109903
E3I13,E3,0.675,4.019856234696691
E3I14,E3,0.631,4.366041555218262
E3I15,E3,0.675,3.9883393055951037
E3I16,E3,0.653,4.4802522215824165
E3I17,E3,0.712,4.051127976095656
E3I18,E3,0.681,4.494335900279075
E3I19,E3,0.67,4.999604725842821
E3I2,E3,0.719,4.082160164640764
E3I20,E3,0.695,3.8596009926417536
E3I21,E3,0.708,4.004097770145897
E3I22,E3,0.674,4.522327820449592
E3I23,E3,0.698,4.233999992325055
E3I24,E3,0.685,4.173963161416079
E3I25,E3,0.64,5.03734632534197
E3I26,E3,0.616,4.884231813111784
E3I27,E3,0.676,3.9565713295073817
E3I28,E3,0.8,3.256426731007273
E3I29,E3,0.699,4.43782240771161
E3I3,E3,0.634,3.9883393055951037
E3I30,E3,0.669,4.686850431997594
E3I31,E3,0.599,4.112958222600242
E3I32,E3,0.745,2.9937528129848046
E3I33,E3,0.613,4.466168542885758
E3I34,E3,0.647,4.293197339647762
E3I35,E3,0.738,3.2756893733330177
E3I36,E3,0.6735,4.351589463553366
E3I37,E3,0.673,5.246093409874359
E3I38,E3,0.697,4.884681029507934
E3I39,E3,0.652,4.20408874834173
E3I4,E3,0.642,3.8596009926417536
E3I40,E3,0.664,4.923298307176276
E3I41,E3,0.734,4.293197339647762
E3I42,E3,0.599,4.6598469117387324
E3I43,E3,0.686,3.8590949443032634
E3I5,E3,0.689,3.8596009926417536
E3I6,E3,0.709,3.726519139639712
E3I7,E3,0.761,3.408026650214511
E3I8,E3,0.696,3.9245462099973776
E3I9,E3,0.694,3.892160525142332
E3S1,E3,0.6845,4.189025954878905
E3S10,E3,0.673,4.380493646883157
E3S11,E3,0.731,4.8457904441091655
E3S12,E3,0.6955,3.9724553175512427
E3S13,E3,0.636,4.974234618637851
E3S14,E3,0.6964999999999999,4.158745266069499
E3S15,E3,0.631,4.766943272700138
E3S16,E3,0.611,5.282039753590103
E3S18,E3,0.6455,5.4235312036391266
E3S19,E3,0.592,5.572769865159611
E3S2,E3,0.6845,4.189025954878905
E3S20,E3,0.7075,4.845681264257087
E3S21,E3,0.637,5.099644890462815
E3S22,E3,0.6735,4.806471306728996
E3S23,E3,0.723,4.550147541199887
E3S24,E3,0.639,5.074838349913076
E3S25,E3,0.651,5.087241620187946
E3S26,E3,0.596,6.008818985548837
E3S27,E3,0.675,4.766943272700138
E3S28,E3,0.6475,5.305877775539389
E3S29,E3,0.655,5.8383216837237075
E3S3,E3,0.5734999999999999,4.910448476234329
E3S30,E3,0.564,6.3757747843026635
E3S31,E3,0.673,5.504367097508071
E3S32,E3,0.69,4.451995475298684
E3S33,E3,0.609,5.750507454526254
E3S34,E3,0.708,4.6052828478647685
E3S35,E3,0.689,4.263701404423578
E3S36,E3,0.666,5.148899442693899
E3S37,E3,0.713,4.322492004415237
E3S38,E3,0.643,5.640363537318287
E3S39,E3,0.624,5.024782696370551
E3S4,E3,0.645,4.082160164640764
E3S40,E3,0.65,4.0973276734092865
E3S41,E3,0.667,4.766943272700138
E3S42,E3,0.687,4.494335900279075
E3S43,E3,0.734,4.522327820449592
E3S44,E3,0.7035,4.12824279666158
E3S45,E3,0.6735,4.423558227265236
E3S46,E3,0.629,5.5500783993522145
E3S47,E3,0.694,4.173963161416079
E3S48,E3,0.71,4.051127976095656
E3S5,E3,0.7,4.43782240771161
E3S6,E3,0.721,4.112958222600242
E3S7,E3,0.728,3.9553644843687046
E3S8,E3,0.636,4.793343498667307
E3S9,E3,0.6295,4.740396020805233
