condition,alloy,specimen,measurement,HRC
annealed,A,,1,39.2
annealed,A,,2,45.5
annealed,A,,3,39.0
annealed,A,,4,41.8
annealed,A,,5,45.0
annealed,A,,6,43.8
annealed,A,,7,45.1
annealed,A,,8,45.9
annealed,A,,9,47.0
annealed,A,,10,46.5
annealed,A,,11,34.0
annealed,A,,12,40.0
annealed,A,,13,40.0
annealed,A,,14,43.0
annealed,A,,15,44.1
annealed,B,,1,32.0
annealed,B,,2,35.7
annealed,B,,3,38.7
annealed,B,,4,40.1
annealed,B,,5,41.5
annealed,B,,6,34.8
annealed,B,,7,35.9
annealed,B,,8,40.3
annealed,B,,9,39.1
annealed,B,,10,38.0
annealed,B,,11,42.7
annealed,B,,12,39.2
annealed,B,,13,39.8
annealed,B,,14,39.1
annealed,B,,15,40.0
annealed,C,,1,37.6
annealed,C,,2,37.3
annealed,C,,3,36.7
annealed,C,,4,43.4
annealed,C,,5,38.9
annealed,C,,6,34.7
annealed,C,,7,39.8
annealed,C,,8,38.0
annealed,C,,9,37.7
annealed,C,,10,38.9
annealed,C,,11,38.8
annealed,C,,12,37.0
annealed,C,,13,38.6
annealed,C,,14,39.2
annealed,C,,15,37.0
annealed,D,,1,38.5
annealed,D,,2,37.3
annealed,D,,3,39.0
annealed,D,,4,39.2
annealed,D,,5,47.6
annealed,D,,6,38.3
annealed,D,,7,37.3
annealed,D,,8,38.9
annealed,D,,9,38.1
annealed,D,,10,39.7
annealed,D,,11,34.2
annealed,D,,12,34.3
annealed,D,,13,36.3
annealed,D,,14,37.8
annealed,D,,15,38.5
annealed,E,,1,34.5
annealed,E,,2,39.6
annealed,E,,3,42.2
annealed,E,,4,42.1
annealed,E,,5,43.0
annealed,E,,6,33.7
annealed,E,,7,38.9
annealed,E,,8,41.1
annealed,E,,9,41.4
annealed,E,,10,40.2
annealed,E,,11,38.9
annealed,E,,12,38.8
annealed,E,,13,38.3
annealed,E,,14,39.3
annealed,E,,15,37.8
as_cast,A,,1,36.0
as_cast,A,,2,40.5
as_cast,A,,3,44.5
as_cast,A,,4,45.0
as_cast,A,,5,39.5
as_cast,A,,6,39.8
as_cast,A,,7,42.1
as_cast,A,,8,45.0
as_cast,A,,9,44.8
as_cast,A,,10,40.9
as_cast,A,,11,41.0
as_cast,A,,12,46.6
as_cast,A,,13,44.5
as_cast,A,,14,44.2
as_cast,A,,15,43.2
as_cast,B,,1,42.5
as_cast,B,,2,46.2
as_cast,B,,3,44.2
as_cast,B,,4,47.9
as_cast,B,,5,42.5
as_cast,B,,6,43.8
as_cast,B,,7,44.5
as_cast,B,,8,45.6
as_cast,B,,9,44.7
as_cast,B,,10,48.0
as_cast,B,,11,44.8
as_cast,B,,12,43.8
as_cast,B,,13,44.0
as_cast,B,,14,45.0
as_cast,B,,15,42.6
as_cast,C,,1,39.0
as_cast,C,,2,50.0
as_cast,C,,3,49.9
as_cast,C,,4,49.6
as_cast,C,,5,42.9
as_cast,C,,6,52.9
as_cast,C,,7,52.3
as_cast,C,,8,49.7
as_cast,C,,9,48.5
as_cast,C,,10,46.4
as_cast,C,,11,53.1
as_cast,C,,12,47.9
as_cast,C,,13,55.1
as_cast,C,,14,50.8
as_cast,C,,15,57.4
as_cast,D,,1,49.4
as_cast,D,,2,47.1
as_cast,D,,3,51.4
as_cast,D,,4,47.9
as_cast,D,,5,43.3
as_cast,D,,6,50.8
as_cast,D,,7,48.6
as_cast,D,,8,44.7
as_cast,D,,9,56.2
as_cast,D,,10,46.6
as_cast,D,,11,48.3
as_cast,D,,12,48.7
as_cast,D,,13,45.5
as_cast,D,,14,51.0
as_cast,D,,15,52.2
as_cast,E,,1,44.0
as_cast,E,,2,43.6
as_cast,E,,3,49.2
as_cast,E,,4,44.8
as_cast,E,,5,46.0
as_cast,E,,6,46.7
as_cast,E,,7,47.1
as_cast,E,,8,45.0
as_cast,E,,9,47.9
as_cast,E,,10,47.2
as_cast,E,,11,47.3
as_cast,E,,12,46.0
as_cast,E,,13,47.6
as_cast,E,,14,49.4
as_cast,E,,15,52.3
tempered,A,A1,1,59.0
tempered,A,A1,2,59.4
tempered,A,A1,3,59.3
tempered,A,A1,4,59.0
tempered,A,A1,5,57.5
tempered,A,A1,6,58.8
tempered,A,A1,7,56.2
tempered,A,A1,8,60.0
tempered,A,A1,9,59.7
tempered,A,A1,10,58.8
tempered,A,A2,11,60.0
tempered,A,A2,12,59.2
tempered,A,A2,13,60.0
tempered,A,A2,14,60.6
tempered,A,A2,15,60.5
tempered,A,A2,16,60.8
tempered,A,A2,17,61.0
tempered,A,A2,18,59.0
tempered,A,A2,19,58.6
tempered,A,A2,20,60.4
tempered,A,A3,21,61.0
tempered,A,A3,22,54.0
tempered,A,A3,23,61.0
tempered,A,A3,24,61.4
tempered,A,A3,25,60.5
tempered,A,A3,26,61.0
tempered,A,A3,27,59.3
tempered,A,A3,28,59.4
tempered,A,A3,29,59.6
tempered,A,A3,30,60.2
tempered,B,B1,1,56.5
tempered,B,B1,2,58.6
tempered,B,B1,3,60.0
tempered,B,B1,4,60.0
tempered,B,B1,5,61.4
tempered,B,B1,6,59.1
tempered,B,B1,7,58.5
tempered,B,B1,8,60.5
tempered,B,B1,9,61.8
tempered,B,B1,10,60.6
tempered,B,B2,11,54.0
tempered,B,B2,12,59.9
tempered,B,B2,13,57.6
tempered,B,B2,14,60.5
tempered,B,B2,15,61.0
tempered,B,B2,16,60.7
tempered,B,B2,17,60.4
tempered,B,B2,18,61.6
tempered,B,B2,19,61.1
tempered,B,B2,20,60.9
tempered,B,B3,21,57.5
tempered,B,B3,22,61.3
tempered,B,B3,23,59.7
tempered,B,B3,24,61.0
tempered,B,B3,25,61.0
tempered,B,B3,26,59.5
tempered,B,B3,27,58.9
tempered,B,B3,28,59.0
tempered,B,B3,29,61.5
tempered,B,B3,30,61.2
tempered,C,C1,1,61.9
tempered,C,C1,2,62.5
tempered,C,C1,3,69.3
tempered,C,C1,4,64.0
tempered,C,C1,5,62.7
tempered,C,C1,6,64.4
tempered,C,C1,7,62.9
tempered,C,C1,8,62.9
tempered,C,C1,9,62.9
tempered,C,C1,10,62.6
tempered,C,C2,11,62.5
tempered,C,C2,12,62.3
tempered,C,C2,13,63.3
tempered,C,C2,14,63.5
tempered,C,C2,15,62.3
tempered,C,C2,16,63.4
tempered,C,C2,17,62.6
tempered,C,C2,18,63.4
tempered,C,C2,19,62.7
tempered,C,C2,20,61.5
tempered,C,C3,21,59.9
tempered,C,C3,22,59.5
tempered,C,C3,23,59.0
tempered,C,C3,24,60.2
tempered,C,C3,25,59.5
tempered,C,C3,26,54.5
tempered,C,C3,27,60.5
tempered,C,C3,28,59.0
tempered,C,C3,29,57.7
tempered,C,C3,30,60.0
tempered,D,D1,1,60.8
tempered,D,D1,2,62.0
tempered,D,D1,3,63.1
tempered,D,D1,4,63.2
tempered,D,D1,5,62.5
tempered,D,D1,6,62.0
tempered,D,D1,7,62.1
tempered,D,D1,8,63.0
tempered,D,D1,9,63.1
tempered,D,D1,10,64.5
tempered,D,D2,11,60.1
tempered,D,D2,12,62.1
tempered,D,D2,13,63.4
tempered,D,D2,14,62.2
tempered,D,D2,15,62.6
tempered,D,D2,16,62.0
tempered,D,D2,17,62.3
tempered,D,D2,18,61.9
tempered,D,D2,19,60.6
tempered,D,D2,20,60.4
tempered,D,D3,21,58.4
tempered,D,D3,22,60.5
tempered,D,D3,23,58.2
tempered,D,D3,24,60.5
tempered,D,D3,25,60.0
tempered,D,D3,26,58.4
tempered,D,D3,27,58.5
tempered,D,D3,28,58.9
tempered,D,D3,29,57.0
tempered,D,D3,30,56.5
tempered,E,E1,1,57.5
tempered,E,E1,2,61.1
tempered,E,E1,3,62.0
tempered,E,E1,4,62.1
tempered,E,E1,5,62.7
tempered,E,E1,6,62.4
tempered,E,E1,7,58.0
tempered,E,E1,8,63.0
tempered,E,E1,9,62.7
tempered,E,E1,10,62.1
tempered,E,E2,11,58.3
tempered,E,E2,12,62.6
tempered,E,E2,13,60.5
tempered,E,E2,14,60.9
tempered,E,E2,15,60.6
tempered,E,E2,16,60.5
tempered,E,E2,17,61.0
tempered,E,E2,18,61.4
tempered,E,E2,19,56.0
tempered,E,E2,20,58.6
tempered,E,E3,21,55.0
tempered,E,E3,22,62.2
tempered,E,E3,23,61.9
tempered,E,E3,24,57.5
tempered,E,E3,25,55.2
tempered,E,E3,26,56.5
tempered,E,E3,27,58.4
tempered,E,E3,28,56.7
tempered,E,E3,29,57.0
tempered,E,E3,30,55.9
