Amostra,Área,Perímetro,Largura (Width),Altura (Height),Eixo maior (Major),Eixo menor (Minor),Ângulo,Circularidade,Diâmetro de Feret,Ângulo de Feret,Feret mínimo,Razão de aspecto (AR),Arredondamento,Solidez,Superfície específica,Razão de Feret,Diâmetro médio
A1,43.72523312312251,33.44814768330224,7.312847435750934,7.666159590601679,7.997089325792912,3.47438389295709,81.67960196386488,0.6371114689709348,9.931144096665113,96.61424972505891,4.789153170125934,2.2771397486252947,0.5350556952081696,0.7683325216025138,1.863401775870927,2.05690781784442,5.136492075905551
A2,69.95959200431264,44.9599096646155,9.093800772307983,8.332888523831656,8.812340375152957,4.124795647207973,65.93585353915664,0.6525785642570281,11.321110387418818,89.9660109186747,5.814109234575019,2.078703187751004,0.5757857680722891,0.7829875753012049,2.4007239533630944,1.950062693049593,5.896256236927385
A3,33.03689645021384,29.142257379545047,7.674794717219162,6.858360258030855,8.189874475608123,3.283767770794138,79.87201786828179,0.6266627160593196,9.84535394105624,93.51078300501037,4.370575219998819,2.4304882387266837,0.5204041290218726,0.7704381954645149,1.733170776547393,2.1692994235309357,5.016729499710986
B1,38.7993465949946,29.878800973633176,6.993460436075861,7.453160367545847,7.833043539411604,3.6449123272191826,82.11768806880234,0.6518300418638515,9.47537851172515,96.1713736803786,4.822080034522747,2.141508782307972,0.5566781033855115,0.7798306334182745,1.7355635370536893,1.9621119624475993,5.222347267138555
B2,53.35468786489155,37.364271752017544,7.95190249131357,8.186396774192696,8.66450993240736,3.7556485374324127,78.7140963573714,0.6552449852325867,10.667798858364069,93.92859014275166,5.056930406735998,2.212681177701206,0.549912933792764,0.7835785749446221,1.798154956048606,2.025357826504207,5.5468745289504975
B3,61.00282422663619,40.389184159366586,8.95306881402856,9.003811176210462,9.793169672623177,4.2171810248657255,78.31962417419798,0.6356100100417525,11.971322883613942,91.19803260927013,5.625552317576206,2.2728227366418263,0.5362414777231648,0.7870226732202315,1.6473904939012125,2.08336891144741,6.254708254618237
C1,36.382228643547286,26.84629224197977,6.163505930754253,7.203616342267044,7.603415470465085,3.1548679599786804,80.10042306964421,0.6747783402725208,9.067845892057687,97.63839278955338,4.098688619221205,2.3044593584405755,0.5500372350492051,0.7926899602573807,1.9335163737628556,2.1064909559198823,4.7173727580373574
C2,41.55499029173639,31.698262888260352,7.048623592059209,7.1399354290949715,7.870275405679478,2.9016382325177257,67.71795927008066,0.6827903668841963,9.606582165615379,85.73130398726315,3.8377408150152763,2.3945746452752945,0.5387392970239866,0.7928192522350718,2.1551012923216106,2.1713047198579503,4.582203136883509
C3,24.230596562468573,23.766521212275777,5.731796544710047,5.744674897849741,6.23272890114567,2.7162436991765198,78.4242460507479,0.6815140568692304,7.575850153399906,96.87701667324875,3.609094373557598,2.1986673495581774,0.5607220466999062,0.7802336599693933,2.143992827634186,2.0069665988330834,3.979303910900312
D1,82.23330560653268,44.58072543450538,10.129223030190678,9.308769201536018,10.485579082688234,4.626421295999022,77.71058339852237,0.6437259452411995,12.842719674115875,91.5568075619296,6.199796263363756,2.1884682312038244,0.5545697522816166,0.7848550195567144,1.5910900022241032,2.004757189324005,6.774816427592741
D2,45.67117917120355,30.319326887004,8.049581725275734,7.3246360351825714,8.63946089311538,3.8567966210620765,77.92803033279276,0.667534775359174,10.198787386876585,91.717341563692,4.944059885036817,2.1763839108288985,0.5549705808455723,0.8010498846531601,1.6331056284860703,2.0070757929459244,5.612378998336239
D3,75.47009732393639,44.89787666845546,9.78104956289946,9.39909191466608,10.108236214438257,4.6740475047957055,82.11900547829752,0.6428043966849276,12.55777509016365,96.96968900126423,6.299002777245532,2.1037645268530225,0.5662665402444164,0.7827000046823056,1.6124830382602706,1.9513645632057048,6.705029512187789
E1,101.11002643302186,47.53544664190718,10.423778157957619,10.716499775940648,11.631061875291405,5.352250793051801,83.4836844461022,0.6486367027228646,13.979085107585792,90.48009660574412,6.941595483407545,2.149839363421609,0.5654029590948652,0.8019352231754321,1.2009021239981217,1.9772857279898828,7.687635439904536
E2,73.97834336661872,39.619286060498624,9.187151756697501,8.782608903195461,9.794717948548815,4.329117333994215,82.87630592468219,0.6418677140801151,11.90409656009385,96.7720310146318,5.718120580411221,2.221463396497961,0.5493288558407292,0.783061141760614,1.616767712604355,2.0291437020783443,6.328727523884644
E3,93.68923192612226,48.632034430244715,10.126989304406152,9.734482593089652,10.411329545000147,4.8846221479828245,83.31086805718303,0.6363066166705725,12.973610889170038,97.115445538109,6.579184444245079,2.127147983230477,0.5617923078926125,0.7797389266463557,1.5881230522202978,1.9649180706209732,6.963408044673109
